center,max,min,mean
100.032,0.628426,0.628426,0.628426
100.052,0.976875,0.976875,0.976875
100.052,0.493964,0.493964,0.493964
100.072,0.424977,0.424977,0.424977
101.033,0.129578,0.129578,0.129578
101.053,0.228107,0.228107,0.228107
101.053,0.247193,0.247193,0.247193
101.053,0.174124,0.174124,0.174124
102.017,0.167705,0.167705,0.167705
102.037,0.683042,0.683042,0.683042
102.037,0.398608,0.398608,0.398608
102.057,0.513708,0.513708,0.513708
104.036,38.5401,38.5401,38.5401
104.076,43.7861,43.7861,43.7861
104.076,31.922,31.922,31.922
104.096,47.4961,47.4961,47.4961
104.745,0.966872,0.966872,0.966872
105.03,1.64276,1.64276,1.64276
105.07,3.43402,3.43402,3.43402
105.07,2.7505,2.7505,2.7505
105.091,4.56752,4.56752,4.56752
105.477,0.180554,0.180554,0.180554
105.518,0.503625,0.503625,0.503625
105.518,0.594205,0.594205,0.594205
105.538,0.792195,0.792195,0.792195
106.027,0.218877,0.218877,0.218877
106.067,0.396466,0.396466,0.396466
106.067,0.407036,0.407036,0.407036
106.088,0.442232,0.442232,0.442232
106.537,0.217603,0.217603,0.217603
106.537,0.193228,0.193228,0.193228
106.761,0.205144,0.205144,0.205144
107.007,0.127814,0.127814,0.127814
107.027,0.222219,0.222219,0.222219
107.068,0.213101,0.213101,0.213101
107.088,0.21817,0.21817,0.21817
107.375,0.196961,0.196961,0.196961
107.375,0.165973,0.165973,0.165973
107.539,0.162334,0.162334,0.162334
107.539,0.190476,0.190476,0.190476
107.662,0.191625,0.191625,0.191625
107.846,0.157636,0.157636,0.157636
107.846,0.185837,0.185837,0.185837
107.99,0.113737,0.113737,0.113737
108.031,0.203077,0.203077,0.203077
108.031,0.206167,0.206167,0.206167
108.051,0.17291,0.17291,0.17291
108.298,0.154784,0.154784,0.154784
108.441,0.177967,0.177967,0.177967
108.441,0.151829,0.151829,0.151829
108.75,0.146982,0.146982,0.146982
108.75,0.170969,0.170969,0.170969
109.038,0.116544,0.116544,0.116544
109.058,0.201627,0.201627,0.201627
109.079,0.195879,0.195879,0.195879
109.079,0.193745,0.193745,0.193745
109.697,0.137871,0.137871,0.137871
110.048,0.179729,0.179729,0.179729
110.048,0.184259,0.184259,0.184259
110.048,0.196971,0.196971,0.196971
111.082,0.155851,0.155851,0.155851
111.911,0.128913,0.128913,0.128913
111.953,0.183944,0.183944,0.183944
112.057,0.228198,0.228198,0.228198
112.078,0.161772,0.161772,0.161772
113.056,0.148607,0.148607,0.148607
113.097,0.251594,0.251594,0.251594
113.097,0.298534,0.298534,0.298534
113.118,0.319932,0.319932,0.319932
118.033,0.847782,0.847782,0.847782
118.054,0.931459,0.931459,0.931459
118.075,0.813342,0.813342,0.813342
118.097,0.386924,0.386924,0.386924
120.113,0.140043,0.140043,0.140043
124.96,0.307867,0.307867,0.307867
124.981,0.582019,0.582019,0.582019
125.003,0.502554,0.502554,0.502554
125.003,0.262564,0.262564,0.262564
129.131,0.190675,0.190675,0.190675
132.072,0.218483,0.218483,0.218483
132.094,0.302248,0.302248,0.302248
132.116,0.27937,0.27937,0.27937
132.138,0.167962,0.167962,0.167962
137.667,0.165099,0.165099,0.165099
140.047,3.72537,3.72537,3.72537
140.069,3.83666,3.83666,3.83666
140.092,0.789514,0.789514,0.789514
140.092,2.54723,2.54723,2.54723
140.881,0.167488,0.167488,0.167488
140.926,0.259395,0.259395,0.259395
140.948,0.160388,0.160388,0.160388
141.061,0.189103,0.189103,0.189103
141.061,0.268379,0.268379,0.268379
141.084,0.178577,0.178577,0.178577
142.917,0.26423,0.26423,0.26423
142.94,0.47,0.47,0.47
142.963,0.143366,0.143366,0.143366
144.099,0.140369,0.140369,0.140369
144.122,0.314047,0.314047,0.314047
144.144,0.173623,0.173623,0.173623
146.107,0.299137,0.299137,0.299137
146.107,0.32911,0.32911,0.32911
146.107,0.573988,0.573988,0.573988
146.152,0.259948,0.259948,0.259948
146.977,2.69536,2.69536,2.69536
147.023,1.48766,1.48766,1.48766
147.023,2.58666,2.58666,2.58666
147.046,2.34103,2.34103,2.34103
148.056,0.148246,0.148246,0.148246
148.079,0.20942,0.20942,0.20942
148.148,0.179,0.179,0.179
156.044,3.594,3.594,3.594
156.068,2.98843,2.98843,2.98843
156.068,3.46616,3.46616,3.46616
156.091,1.19408,1.19408,1.19408
156.936,0.149883,0.149883,0.149883
157.054,0.189917,0.189917,0.189917
157.054,0.252532,0.252532,0.252532
157.078,0.213082,0.213082,0.213082
158.043,0.228642,0.228642,0.228642
158.066,0.286013,0.286013,0.286013
158.09,0.236978,0.236978,0.236978
158.916,0.359168,0.359168,0.359168
158.963,0.506494,0.506494,0.506494
158.963,0.225412,0.225412,0.225412
158.986,0.211493,0.211493,0.211493
159.98,0.124627,0.124627,0.124627
160.027,0.237162,0.237162,0.237162
160.027,0.267594,0.267594,0.267594
160.027,0.18616,0.18616,0.18616
162.116,1.33759,1.33759,1.33759
162.14,1.89348,1.89348,1.89348
162.164,0.902513,0.902513,0.902513
162.164,1.25061,1.25061,1.25061
162.974,0.552777,0.552777,0.552777
163.022,0.56712,0.56712,0.56712
163.022,1.0371,1.0371,1.0371
163.022,0.50996,0.50996,0.50996
164.144,0.157343,0.157343,0.157343
164.934,0.172851,0.172851,0.172851
164.958,0.221878,0.221878,0.221878
165.03,0.156333,0.156333,0.156333
166.061,0.606613,0.606613,0.606613
166.109,0.871723,0.871723,0.871723
166.133,1.09715,1.09715,1.09715
166.133,0.599881,0.599881,0.599881
169.026,0.213187,0.213187,0.213187
169.026,0.266589,0.266589,0.266589
169.05,0.178026,0.178026,0.178026
169.074,0.146139,0.146139,0.146139
172.035,1.66159,1.66159,1.66159
172.084,0.419375,0.419375,0.419375
172.084,1.01335,1.01335,1.01335
172.109,0.538164,0.538164,0.538164
173.059,0.226966,0.226966,0.226966
173.084,0.192125,0.192125,0.192125
174.943,0.31157,0.31157,0.31157
174.943,0.322378,0.322378,0.322378
174.968,0.232459,0.232459,0.232459
174.968,0.221128,0.221128,0.221128
175.139,0.249241,0.249241,0.249241
175.164,0.427519,0.427519,0.427519
175.164,0.457698,0.457698,0.457698
175.188,0.263975,0.263975,0.263975
176.146,0.24983,0.24983,0.24983
176.17,0.476021,0.476021,0.476021
176.195,0.309699,0.309699,0.309699
176.195,0.421841,0.421841,0.421841
178.141,0.877579,0.877579,0.877579
178.166,0.79992,0.79992,0.79992
178.19,0.149712,0.149712,0.149712
178.215,0.511116,0.511116,0.511116
180.915,0.214065,0.214065,0.214065
180.939,0.265195,0.265195,0.265195
184.105,37.7162,37.7162,37.7162
184.155,27.3664,27.3664,27.3664
184.155,24.6074,24.6074,24.6074
184.155,32.6681,32.6681,32.6681
185.106,2.22882,2.22882,2.22882
185.132,2.97476,2.97476,2.97476
185.157,3.28299,3.28299,3.28299
185.157,2.06269,2.06269,2.06269
186.085,0.488742,0.488742,0.488742
186.135,0.824239,0.824239,0.824239
186.135,0.838947,0.838947,0.838947
186.135,0.578331,0.578331,0.578331
187.04,0.203944,0.203944,0.203944
187.091,0.29101,0.29101,0.29101
187.091,0.332617,0.332617,0.332617
187.091,0.299815,0.299815,0.299815
188.048,0.140147,0.140147,0.140147
188.099,0.201406,0.201406,0.201406
188.149,0.161008,0.161008,0.161008
188.174,0.189534,0.189534,0.189534
189.185,3.72115,3.72115,3.72115
189.21,5.33019,5.33019,5.33019
189.235,1.83459,1.83459,1.83459
189.235,3.72944,3.72944,3.72944
190.045,4.47314,4.47314,4.47314
190.07,4.3437,4.3437,4.3437
190.096,2.14062,2.14062,2.14062
190.096,2.17327,2.17327,2.17327
191.034,0.518614,0.518614,0.518614
191.059,0.583919,0.583919,0.583919
191.085,0.356326,0.356326,0.356326
191.085,0.342493,0.342493,0.342493
192.177,0.254414,0.254414,0.254414
192.203,0.406324,0.406324,0.406324
192.228,0.382855,0.382855,0.382855
192.228,0.239099,0.239099,0.239099
196.881,0.153587,0.153587,0.153587
198.116,0.798391,0.798391,0.798391
198.167,0.909305,0.909305,0.909305
198.193,0.814939,0.814939,0.814939
198.193,1.76554,1.76554,1.76554
199.199,0.221015,0.221015,0.221015
200.206,1.21168,1.21168,1.21168
200.232,0.756408,0.756408,0.756408
200.232,1.555,1.555,1.555
200.258,0.918371,0.918371,0.918371
201.009,0.145798,0.145798,0.145798
201.164,0.130894,0.130894,0.130894
201.19,0.145881,0.145881,0.145881
201.19,0.209754,0.209754,0.209754
203.215,0.229808,0.229808,0.229808
203.215,0.157247,0.157247,0.157247
203.215,0.120448,0.120448,0.120448
203.267,0.220366,0.220366,0.220366
204.153,0.117525,0.117525,0.117525
204.205,0.15317,0.15317,0.15317
206.033,4.67828,4.67828,4.67828
206.086,4.74615,4.74615,4.74615
206.112,3.28894,3.28894,3.28894
206.138,3.4879,3.4879,3.4879
207.028,0.39852,0.39852,0.39852
207.055,0.475237,0.475237,0.475237
207.081,0.344482,0.344482,0.344482
207.107,0.322759,0.322759,0.322759
208.026,0.48592,0.48592,0.48592
208.052,0.660047,0.660047,0.660047
208.078,0.317095,0.317095,0.317095
208.078,0.345999,0.345999,0.345999
210.184,0.158384,0.158384,0.158384
212.06,19.8444,19.8444,19.8444
212.086,14.1438,14.1438,14.1438
212.113,6.36852,6.36852,6.36852
212.113,13.3763,13.3763,13.3763
213.067,1.65924,1.65924,1.65924
213.093,1.47971,1.47971,1.47971
213.093,1.40786,1.40786,1.40786
213.12,0.699276,0.699276,0.699276
214.076,0.215371,0.215371,0.215371
214.129,0.309029,0.309029,0.309029
214.129,0.142583,0.142583,0.142583
214.129,0.222605,0.222605,0.222605
216.259,0.90034,0.90034,0.90034
216.313,0.71256,0.71256,0.71256
216.366,0.55725,0.55725,0.55725
216.366,0.727731,0.727731,0.727731
220.25,0.289875,0.289875,0.289875
221.111,0.161746,0.161746,0.161746
222.001,4.12906,4.12906,4.12906
222.055,3.59138,3.59138,3.59138
222.055,3.37096,3.37096,3.37096
222.081,4.28354,4.28354,4.28354
222.999,0.349921,0.349921,0.349921
223.026,0.380119,0.380119,0.380119
223.053,0.356984,0.356984,0.356984
223.081,0.405612,0.405612,0.405612
224,0.526148,0.526148,0.526148
224.163,0.786348,0.786348,0.786348
224.19,0.874615,0.874615,0.874615
224.19,1.30073,1.30073,1.30073
225.003,0.128744,0.128744,0.128744
225.03,0.202232,0.202232,0.202232
225.193,0.169196,0.169196,0.169196
226.116,0.128627,0.128627,0.128627
226.17,0.243834,0.243834,0.243834
226.17,0.249476,0.249476,0.249476
226.197,0.286277,0.286277,0.286277
228.049,7.96563,7.96563,7.96563
228.076,5.69576,5.69576,5.69576
228.076,7.2209,7.2209,7.2209
228.103,3.47624,3.47624,3.47624
229.031,0.651432,0.651432,0.651432
229.059,0.577628,0.577628,0.577628
229.086,0.808993,0.808993,0.808993
229.086,0.393485,0.393485,0.393485
230.043,0.510274,0.510274,0.510274
230.071,0.322226,0.322226,0.322226
230.071,0.609081,0.609081,0.609081
230.071,0.520819,0.520819,0.520819
231.167,0.214354,0.214354,0.214354
231.194,0.353082,0.353082,0.353082
231.221,0.236337,0.236337,0.236337
231.221,0.166718,0.166718,0.166718
232.237,0.611451,0.611451,0.611451
232.32,0.374454,0.374454,0.374454
232.32,0.53941,0.53941,0.53941
232.347,0.545151,0.545151,0.545151
233.227,0.236871,0.236871,0.236871
234.026,26.9472,26.9472,26.9472
234.054,17.6269,17.6269,17.6269
234.081,7.85777,7.85777,7.85777
234.081,15.2402,15.2402,15.2402
235.047,2.6507,2.6507,2.6507
235.075,2.25341,2.25341,2.25341
235.102,0.992946,0.992946,0.992946
235.102,1.68773,1.68773,1.68773
236.18,0.468138,0.468138,0.468138
236.208,0.796585,0.796585,0.796585
236.236,0.69672,0.69672,0.69672
236.236,0.364276,0.364276,0.364276
238.12,0.120041,0.120041,0.120041
238.204,0.276182,0.276182,0.276182
238.204,0.228254,0.228254,0.228254
240.207,0.199753,0.199753,0.199753
241.183,0.273855,0.273855,0.273855
241.211,0.453845,0.453845,0.453845
241.239,0.223452,0.223452,0.223452
241.239,0.185624,0.185624,0.185624
244.009,0.468291,0.468291,0.468291
244.037,0.65187,0.65187,0.65187
244.065,0.316702,0.316702,0.316702
244.065,0.322379,0.322379,0.322379
245.188,0.225319,0.225319,0.225319
245.188,0.122036,0.122036,0.122036
246.116,0.378273,0.378273,0.378273
246.172,0.496409,0.496409,0.496409
246.201,0.621652,0.621652,0.621652
246.201,0.692631,0.692631,0.692631
247.187,0.198998,0.198998,0.198998
247.215,0.187461,0.187461,0.187461
247.243,0.219237,0.219237,0.219237
247.243,0.411296,0.411296,0.411296
248.175,0.224491,0.224491,0.224491
248.175,0.244528,0.244528,0.244528
248.175,0.191436,0.191436,0.191436
250.014,37.7312,37.7312,37.7312
250.042,21.6723,21.6723,21.6723
250.07,22.6669,22.6669,22.6669
250.07,13.1582,13.1582,13.1582
251.006,3.54898,3.54898,3.54898
251.063,1.66148,1.66148,1.66148
251.063,2.82613,2.82613,2.82613
251.063,2.72351,2.72351,2.72351
252.029,2.47402,2.47402,2.47402
252.057,1.91136,1.91136,1.91136
252.057,1.16236,1.16236,1.16236
252.057,1.99367,1.99367,1.99367
253.025,0.254719,0.254719,0.254719
253.053,0.257757,0.257757,0.257757
253.082,0.246542,0.246542,0.246542
253.082,0.169495,0.169495,0.169495
256.022,0.623013,0.623013,0.623013
256.051,0.521191,0.521191,0.521191
256.079,0.457895,0.457895,0.457895
256.079,0.286808,0.286808,0.286808
258.144,0.330949,0.330949,0.330949
258.201,0.526186,0.526186,0.526186
258.201,0.531842,0.531842,0.531842
258.201,0.524151,0.524151,0.524151
260.157,0.164549,0.164549,0.164549
262.091,0.203071,0.203071,0.203071
262.177,0.631258,0.631258,0.631258
262.177,0.426881,0.426881,0.426881
262.177,0.295889,0.295889,0.295889
263.364,0.142015,0.142015,0.142015
263.364,0.306696,0.306696,0.306696
264.175,0.247031,0.247031,0.247031
264.175,0.20931,0.20931,0.20931
265.976,21.6958,21.6958,21.6958
266.034,15.7582,15.7582,15.7582
266.034,12.677,12.677,12.677
266.063,11.7259,11.7259,11.7259
266.994,2.02955,2.02955,2.02955
267.023,1.5326,1.5326,1.5326
267.053,1.42081,1.42081,1.42081
267.053,1.83933,1.83933,1.83933
267.986,2.74665,2.74665,2.74665
268.015,2.02005,2.02005,2.02005
268.044,1.89154,1.89154,1.89154
268.044,2.47013,2.47013,2.47013
268.978,0.249148,0.249148,0.249148
269.037,0.297003,0.297003,0.297003
269.037,0.246126,0.246126,0.246126
269.066,0.231734,0.231734,0.231734
269.417,0.132604,0.132604,0.132604
269.446,0.210438,0.210438,0.210438
270.09,0.125074,0.125074,0.125074
270.119,0.170095,0.170095,0.170095
271.115,1.40444,1.40444,1.40444
271.144,0.891948,0.891948,0.891948
271.144,1.83402,1.83402,1.83402
271.174,0.558841,0.558841,0.558841
271.995,0.967092,0.967092,0.967092
272.054,0.766564,0.766564,0.766564
272.054,0.485607,0.485607,0.485607
272.054,0.731621,0.731621,0.731621
272.994,0.152092,0.152092,0.152092
273.082,0.143097,0.143097,0.143097
273.082,0.179326,0.179326,0.179326
273.141,0.212774,0.212774,0.212774
275.174,0.226073,0.226073,0.226073
275.233,0.332404,0.332404,0.332404
275.233,0.368445,0.368445,0.368445
275.233,0.248667,0.248667,0.248667
277.331,0.249997,0.249997,0.249997
280.12,0.341433,0.341433,0.341433
280.179,0.526653,0.526653,0.526653
280.179,0.572652,0.572652,0.572652
280.179,0.485931,0.485931,0.485931
283.04,0.109465,0.109465,0.109465
285.553,0.114643,0.114643,0.114643
287.955,0.458903,0.458903,0.458903
288.016,0.390727,0.390727,0.390727
288.016,0.486519,0.486519,0.486519
288.046,0.370897,0.370897,0.370897
289.009,0.120473,0.120473,0.120473
289.19,0.220652,0.220652,0.220652
290.185,0.141013,0.141013,0.141013
291.091,0.350741,0.350741,0.350741
291.152,0.323598,0.323598,0.323598
291.152,0.562392,0.562392,0.562392
291.182,0.226187,0.226187,0.226187
292.241,0.148084,0.148084,0.148084
293.089,1.28459,1.28459,1.28459
293.149,0.485429,0.485429,0.485429
293.149,1.8664,1.8664,1.8664
293.149,0.73699,0.73699,0.73699
294.09,0.151373,0.151373,0.151373
294.15,0.248499,0.248499,0.248499
294.181,0.137558,0.137558,0.137558
296.096,0.219283,0.219283,0.219283
296.157,0.418624,0.418624,0.418624
296.157,0.365085,0.365085,0.365085
296.187,0.54136,0.54136,0.54136
304.119,0.139366,0.139366,0.139366
304.211,0.227181,0.227181,0.227181
304.211,0.21791,0.21791,0.21791
305.012,0.15461,0.15461,0.15461
305.074,0.218785,0.218785,0.218785
305.105,0.142021,0.142021,0.142021
307.081,0.345827,0.345827,0.345827
307.112,0.493102,0.493102,0.493102
307.143,0.238284,0.238284,0.238284
307.143,0.320189,0.320189,0.320189
309.063,0.854276,0.854276,0.854276
309.125,0.585607,0.585607,0.585607
309.125,0.410211,0.410211,0.410211
309.125,1.18306,1.18306,1.18306
311.051,0.125499,0.125499,0.125499
311.113,0.198762,0.198762,0.198762
313.106,0.151851,0.151851,0.151851
313.169,0.171773,0.171773,0.171773
315.074,0.862714,0.862714,0.862714
315.105,1.36626,1.36626,1.36626
315.136,0.352391,0.352391,0.352391
315.136,0.48488,0.48488,0.48488
318.145,0.131892,0.131892,0.131892
318.207,0.230275,0.230275,0.230275
318.207,0.199078,0.199078,0.199078
318.239,0.230636,0.230636,0.230636
319.213,0.173007,0.173007,0.173007
319.213,0.177046,0.177046,0.177046
320.189,0.21127,0.21127,0.21127
321.008,0.176561,0.176561,0.176561
321.039,0.234514,0.234514,0.234514
321.071,0.143873,0.143873,0.143873
326.387,0.193972,0.193972,0.193972
329.25,0.140888,0.140888,0.140888
329.282,0.34733,0.34733,0.34733
329.282,0.171243,0.171243,0.171243
331.037,0.877185,0.877185,0.877185
331.069,1.3231,1.3231,1.3231
331.101,0.557972,0.557972,0.557972
331.101,0.409129,0.409129,0.409129
333.053,0.108531,0.108531,0.108531
334.207,0.194297,0.194297,0.194297
335.106,0.152043,0.152043,0.152043
337.035,1.1404,1.1404,1.1404
337.1,0.566735,0.566735,0.566735
337.1,0.46361,0.46361,0.46361
337.1,1.60107,1.60107,1.60107
338.034,0.115935,0.115935,0.115935
338.099,0.196031,0.196031,0.196031
347.018,0.213189,0.213189,0.213189
347.05,0.340864,0.340864,0.340864
347.083,0.178769,0.178769,0.178769
347.083,0.211651,0.211651,0.211651
351.105,0.131315,0.131315,0.131315
351.138,0.202123,0.202123,0.202123
351.171,0.180415,0.180415,0.180415
353.009,1.2962,1.2962,1.2962
353.075,0.726347,0.726347,0.726347
353.075,1.75332,1.75332,1.75332
353.075,0.555877,0.555877,0.555877
354.028,0.134225,0.134225,0.134225
354.061,0.223254,0.223254,0.223254
355.082,0.181,0.181,0.181
355.148,0.315666,0.315666,0.315666
355.181,0.228257,0.228257,0.228257
355.181,0.202287,0.202287,0.202287
357.094,0.251794,0.251794,0.251794
357.16,0.290808,0.290808,0.290808
357.16,0.166896,0.166896,0.166896
357.16,0.272369,0.272369,0.272369
369.005,0.386242,0.386242,0.386242
369.038,0.553353,0.553353,0.553353
369.072,0.319122,0.319122,0.319122
369.072,0.25322,0.25322,0.25322
371.018,0.108477,0.108477,0.108477
371.085,0.202942,0.202942,0.202942
373.07,0.121019,0.121019,0.121019
373.137,0.197039,0.197039,0.197039
379.085,0.495214,0.495214,0.495214
379.153,0.267127,0.267127,0.267127
379.153,0.367678,0.367678,0.367678
379.187,0.184708,0.184708,0.184708
380.103,0.136295,0.136295,0.136295
392.035,0.141956,0.141956,0.141956
392.069,0.265671,0.265671,0.265671
393.033,0.116925,0.116925,0.116925
393.102,0.215571,0.215571,0.215571
395.069,0.238786,0.238786,0.238786
395.104,0.312065,0.312065,0.312065
395.138,0.301313,0.301313,0.301313
395.138,0.212477,0.212477,0.212477
401.1,0.523668,0.523668,0.523668
401.134,0.653062,0.653062,0.653062
401.169,0.330424,0.330424,0.330424
401.169,0.565703,0.565703,0.565703
402.074,0.143545,0.143545,0.143545
402.143,0.139898,0.139898,0.139898
402.143,0.198613,0.198613,0.198613
402.178,0.219957,0.219957,0.219957
408.012,0.140778,0.140778,0.140778
408.082,0.231695,0.231695,0.231695
408.993,0.108834,0.108834,0.108834
409.063,0.205298,0.205298,0.205298
411.03,0.263771,0.263771,0.263771
411.1,0.344909,0.344909,0.344909
411.1,0.277911,0.277911,0.277911
411.1,0.373053,0.373053,0.373053
417.062,0.308,0.308,0.308
417.132,0.498675,0.498675,0.498675
417.132,0.2873,0.2873,0.2873
417.132,0.443083,0.443083,0.443083
418.053,0.112554,0.112554,0.112554
418.159,0.186443,0.186443,0.186443
423.061,0.136117,0.136117,0.136117
423.133,0.182495,0.182495,0.182495
423.204,0.226201,0.226201,0.226201
425.308,0.265663,0.265663,0.265663
425.308,0.139757,0.139757,0.139757
433.014,0.1123,0.1123,0.1123
433.122,0.205812,0.205812,0.205812
433.122,0.192698,0.192698,0.192698
433.158,0.168679,0.168679,0.168679
437.306,0.213754,0.213754,0.213754
439.043,0.158983,0.158983,0.158983
439.116,0.241554,0.241554,0.241554
439.116,0.25477,0.25477,0.25477
439.152,0.15969,0.15969,0.15969
441.291,0.189638,0.189638,0.189638
441.327,0.338181,0.338181,0.338181
445.037,1.63834,1.63834,1.63834
445.11,0.640051,0.640051,0.640051
445.11,1.29354,1.29354,1.29354
445.11,1.28622,1.28622,1.28622
446.057,0.362189,0.362189,0.362189
446.094,0.369069,0.369069,0.369069
446.13,0.357262,0.357262,0.357262
446.13,0.208267,0.208267,0.208267
447.262,0.302063,0.302063,0.302063
447.298,0.605659,0.605659,0.605659
447.335,0.145502,0.145502,0.145502
447.335,0.222984,0.222984,0.222984
448.285,0.345465,0.345465,0.345465
448.285,0.169691,0.169691,0.169691
449.309,0.227861,0.227861,0.227861
450.334,0.2075,0.2075,0.2075
450.407,0.14147,0.14147,0.14147
455.144,0.1878,0.1878,0.1878
457.281,0.191839,0.191839,0.191839
461.013,2.10998,2.10998,2.10998
461.087,1.571,1.571,1.571
461.087,0.940238,0.940238,0.940238
461.087,1.79807,1.79807,1.79807
462.013,0.425611,0.425611,0.425611
462.088,0.404696,0.404696,0.404696
462.088,0.446687,0.446687,0.446687
462.088,0.262922,0.262922,0.262922
463.089,0.259962,0.259962,0.259962
463.274,0.508089,0.508089,0.508089
463.311,0.176522,0.176522,0.176522
463.311,0.289149,0.289149,0.289149
463.311,0.970961,0.970961,0.970961
464.276,0.229266,0.229266,0.229266
464.314,0.459837,0.459837,0.459837
464.425,0.192656,0.192656,0.192656
464.425,0.203283,0.203283,0.203283
465.28,0.128525,0.128525,0.128525
465.317,0.282112,0.282112,0.282112
467.028,0.178386,0.178386,0.178386
467.103,0.194605,0.194605,0.194605
467.289,0.223526,0.223526,0.223526
468.333,0.129282,0.129282,0.129282
468.407,0.252202,0.252202,0.252202
468.444,0.177341,0.177341,0.177341
468.444,0.210987,0.210987,0.210987
469.302,0.251404,0.251404,0.251404
469.34,0.495994,0.495994,0.495994
469.377,0.273064,0.273064,0.273064
469.377,0.159559,0.159559,0.159559
470.348,0.218038,0.218038,0.218038
473.341,0.191488,0.191488,0.191488
477.019,0.715492,0.715492,0.715492
477.057,0.915486,0.915486,0.915486
477.057,0.662524,0.662524,0.662524
477.057,0.550654,0.550654,0.550654
477.997,0.185211,0.185211,0.185211
478.072,0.25615,0.25615,0.25615
478.072,0.169779,0.169779,0.169779
478.072,0.203909,0.203909,0.203909
478.976,0.170314,0.170314,0.170314
479.089,0.226005,0.226005,0.226005
479.089,0.15267,0.15267,0.15267
479.24,0.302634,0.302634,0.302634
479.277,0.638273,0.638273,0.638273
479.315,0.148592,0.148592,0.148592
479.315,0.227119,0.227119,0.227119
480.295,0.133811,0.133811,0.133811
480.333,0.30688,0.30688,0.30688
480.408,0.169897,0.169897,0.169897
480.408,0.138406,0.138406,0.138406
481.314,0.194575,0.194575,0.194575
482.371,0.167935,0.167935,0.167935
482.447,0.336136,0.336136,0.336136
482.447,0.285244,0.285244,0.285244
482.447,0.336033,0.336033,0.336033
483.014,0.282639,0.282639,0.282639
483.09,0.200802,0.200802,0.200802
483.09,0.320312,0.320312,0.320312
483.09,0.285557,0.285557,0.285557
483.43,0.197145,0.197145,0.197145
483.43,0.151457,0.151457,0.151457
486.309,0.145169,0.145169,0.145169
486.347,0.242369,0.242369,0.242369
486.423,0.187968,0.187968,0.187968
486.423,0.154612,0.154612,0.154612
488.511,0.146218,0.146218,0.146218
489.271,0.137032,0.137032,0.137032
489.309,0.254355,0.254355,0.254355
489.766,0.121599,0.121599,0.121599
490.261,0.208494,0.208494,0.208494
490.299,0.122576,0.122576,0.122576
490.337,0.231974,0.231974,0.231974
490.337,0.173831,0.173831,0.173831
491.251,0.3103,0.3103,0.3103
491.327,0.597738,0.597738,0.597738
491.327,0.163103,0.163103,0.163103
491.365,0.28937,0.28937,0.28937
492.28,0.144562,0.144562,0.144562
492.318,0.298332,0.298332,0.298332
492.356,0.174336,0.174336,0.174336
493.043,0.181902,0.181902,0.181902
493.272,0.128132,0.128132,0.128132
493.31,0.257427,0.257427,0.257427
495.297,0.281156,0.281156,0.281156
495.297,0.124773,0.124773,0.124773
496.445,0.198265,0.198265,0.198265
496.445,0.165876,0.165876,0.165876
496.445,0.249304,0.249304,0.249304
496.484,0.113484,0.113484,0.113484
497.365,0.219517,0.219517,0.219517
498.975,0.16916,0.16916,0.16916
499.052,0.192242,0.192242,0.192242
499.09,0.159581,0.159581,0.159581
499.09,0.221738,0.221738,0.221738
499.282,0.192111,0.192111,0.192111
502.28,0.169612,0.169612,0.169612
502.319,0.288296,0.288296,0.288296
502.396,0.220946,0.220946,0.220946
502.434,0.192639,0.192639,0.192639
504.322,0.140699,0.140699,0.140699
504.399,0.275197,0.275197,0.275197
504.438,0.254045,0.254045,0.254045
504.438,0.222056,0.222056,0.222056
505.287,0.148561,0.148561,0.148561
505.325,0.29874,0.29874,0.29874
506.02,0.166705,0.166705,0.166705
506.098,0.208053,0.208053,0.208053
506.291,0.278417,0.278417,0.278417
506.368,0.153961,0.153961,0.153961
506.368,0.199274,0.199274,0.199274
507.257,0.26302,0.26302,0.26302
507.296,0.505692,0.505692,0.505692
507.334,0.158867,0.158867,0.158867
507.334,0.257739,0.257739,0.257739
508.263,0.260076,0.260076,0.260076
508.301,0.423158,0.423158,0.423158
508.34,0.298191,0.298191,0.298191
508.418,0.18677,0.18677,0.18677
509.269,0.13701,0.13701,0.13701
509.308,0.252209,0.252209,0.252209
510.471,0.16026,0.16026,0.16026
510.471,0.131088,0.131088,0.131088
510.471,0.198805,0.198805,0.198805
510.51,0.249147,0.249147,0.249147
517.316,0.206591,0.206591,0.206591
518.292,0.152541,0.152541,0.152541
518.37,0.33119,0.33119,0.33119
518.409,0.202198,0.202198,0.202198
518.409,0.28047,0.28047,0.28047
519.308,0.112563,0.112563,0.112563
519.347,0.210705,0.210705,0.210705
520.363,0.226254,0.226254,0.226254
520.402,0.207133,0.207133,0.207133
520.402,0.188834,0.188834,0.188834
521.302,0.226462,0.226462,0.226462
522.36,0.236069,0.236069,0.236069
522.36,0.131027,0.131027,0.131027
522.438,0.178131,0.178131,0.178131
522.438,0.211258,0.211258,0.211258
523.34,0.189213,0.189213,0.189213
524.282,0.273601,0.273601,0.273601
524.321,0.383871,0.383871,0.383871
524.36,0.347323,0.347323,0.347323
524.4,0.2115,0.2115,0.2115
525.303,0.11827,0.11827,0.11827
525.342,0.194602,0.194602,0.194602
526.285,0.18939,0.18939,0.18939
530.382,0.199404,0.199404,0.199404
530.461,0.151855,0.151855,0.151855
532.396,0.195407,0.195407,0.195407
532.436,0.183593,0.183593,0.183593
532.436,0.15404,0.15404,0.15404
534.374,0.21762,0.21762,0.21762
534.414,0.204967,0.204967,0.204967
534.414,0.162361,0.162361,0.162361
536.475,0.171693,0.171693,0.171693
536.475,0.17877,0.17877,0.17877
540.448,0.209279,0.209279,0.209279
540.488,0.204404,0.204404,0.204404
540.488,0.142482,0.142482,0.142482
540.488,0.122057,0.122057,0.122057
542.042,0.11113,0.11113,0.11113
542.121,0.220726,0.220726,0.220726
544.356,0.119809,0.119809,0.119809
544.395,0.239942,0.239942,0.239942
544.435,0.177696,0.177696,0.177696
544.435,0.206717,0.206717,0.206717
546.394,0.20791,0.20791,0.20791
546.434,0.159224,0.159224,0.159224
546.434,0.182033,0.182033,0.182033
548.075,0.468099,0.468099,0.468099
548.115,0.676949,0.676949,0.676949
548.155,0.224417,0.224417,0.224417
548.155,0.296034,0.296034,0.296034
549.077,0.11563,0.11563,0.11563
549.157,0.201404,0.201404,0.201404
550.682,0.145038,0.145038,0.145038
556.558,0.14424,0.14424,0.14424
558.375,0.202276,0.202276,0.202276
558.455,0.166586,0.166586,0.166586
558.455,0.189353,0.189353,0.189353
560.396,0.211409,0.211409,0.211409
560.437,0.174869,0.174869,0.174869
560.437,0.187316,0.187316,0.187316
563.273,0.159098,0.159098,0.159098
563.395,0.181235,0.181235,0.181235
564.044,0.505264,0.505264,0.505264
564.085,0.738333,0.738333,0.738333
564.125,0.356789,0.356789,0.356789
564.125,0.262657,0.262657,0.262657
565.019,0.137646,0.137646,0.137646
565.1,0.229793,0.229793,0.229793
568.354,0.202256,0.202256,0.202256
568.395,0.144564,0.144564,0.144564
570.475,0.143752,0.143752,0.143752
572.435,0.204049,0.204049,0.204049
572.476,0.19067,0.19067,0.19067
572.476,0.176552,0.176552,0.176552
574.439,0.15397,0.15397,0.15397
574.439,0.170309,0.170309,0.170309
580.018,0.199963,0.199963,0.199963
580.06,0.295065,0.295065,0.295065
580.101,0.143151,0.143151,0.143151
580.101,0.193096,0.193096,0.193096
581.006,0.113398,0.113398,0.113398
584.467,0.150199,0.150199,0.150199
586.408,0.207287,0.207287,0.207287
586.491,0.17424,0.17424,0.17424
586.491,0.188433,0.188433,0.188433
588.393,0.20885,0.20885,0.20885
588.476,0.189469,0.189469,0.189469
588.476,0.171789,0.171789,0.171789
594.367,0.218944,0.218944,0.218944
594.409,0.119306,0.119306,0.119306
598.491,0.151235,0.151235,0.151235
600.453,0.203305,0.203305,0.203305
600.495,0.177334,0.177334,0.177334
600.495,0.189481,0.189481,0.189481
602.502,0.166111,0.166111,0.166111
602.502,0.188098,0.188098,0.188098
602.962,0.110496,0.110496,0.110496
604.47,0.135848,0.135848,0.135848
610.393,0.123463,0.123463,0.123463
610.435,0.24079,0.24079,0.24079
610.477,0.14988,0.14988,0.14988
610.477,0.180287,0.180287,0.180287
612.373,0.112274,0.112274,0.112274
612.458,0.222315,0.222315,0.222315
612.5,0.184573,0.184573,0.184573
612.5,0.16973,0.16973,0.16973
614.441,0.2008,0.2008,0.2008
614.483,0.169237,0.169237,0.169237
614.525,0.182743,0.182743,0.182743
616.173,0.655725,0.655725,0.655725
616.258,0.514817,0.514817,0.514817
616.258,0.337248,0.337248,0.337248
616.258,0.298443,0.298443,0.298443
617.189,0.255619,0.255619,0.255619
617.273,0.282606,0.282606,0.282606
617.273,0.199102,0.199102,0.199102
617.273,0.169556,0.169556,0.169556
618.162,0.108832,0.108832,0.108832
618.459,0.145081,0.145081,0.145081
618.459,0.171756,0.171756,0.171756
626.403,0.111494,0.111494,0.111494
626.446,0.225364,0.225364,0.225364
626.488,0.171257,0.171257,0.171257
626.488,0.187331,0.187331,0.187331
628.407,0.108227,0.108227,0.108227
628.492,0.240902,0.240902,0.240902
628.535,0.204696,0.204696,0.204696
628.535,0.191725,0.191725,0.191725
630.5,0.162201,0.162201,0.162201
630.542,0.180087,0.180087,0.180087
632.51,0.136995,0.136995,0.136995
640.451,0.212479,0.212479,0.212479
640.494,0.191352,0.191352,0.191352
640.537,0.170924,0.170924,0.170924
642.476,0.205876,0.205876,0.205876
642.519,0.186605,0.186605,0.186605
642.519,0.175291,0.175291,0.175291
644.504,0.18325,0.18325,0.18325
644.504,0.164823,0.164823,0.164823
646.534,0.137234,0.137234,0.137234
650.041,0.162987,0.162987,0.162987
650.128,0.280826,0.280826,0.280826
650.128,0.158782,0.158782,0.158782
650.171,0.277863,0.277863,0.277863
651.082,0.14662,0.14662,0.14662
651.125,0.250962,0.250962,0.250962
651.169,0.19009,0.19009,0.19009
654.513,0.200891,0.200891,0.200891
654.557,0.17932,0.17932,0.17932
654.557,0.164085,0.164085,0.164085
656.08,2.82678,2.82678,2.82678
656.123,1.64823,1.64823,1.64823
656.167,0.957078,0.957078,0.957078
656.21,1.92078,1.92078,1.92078
657.081,0.815582,0.815582,0.815582
657.168,0.383648,0.383648,0.383648
657.168,0.634352,0.634352,0.634352
657.212,0.704771,0.704771,0.704771
658.084,0.200541,0.200541,0.200541
658.171,0.14056,0.14056,0.14056
658.171,0.21558,0.21558,0.21558
658.214,0.230385,0.230385,0.230385
658.52,0.161645,0.161645,0.161645
658.52,0.186922,0.186922,0.186922
666.041,0.160081,0.160081,0.160081
666.084,0.268082,0.268082,0.268082
666.128,0.164497,0.164497,0.164497
666.172,0.322964,0.322964,0.322964
667.049,0.136987,0.136987,0.136987
667.137,0.200895,0.200895,0.200895
667.137,0.241348,0.241348,0.241348
668.454,0.127518,0.127518,0.127518
668.542,0.278345,0.278345,0.278345
668.586,0.227892,0.227892,0.227892
668.586,0.217877,0.217877,0.217877
669.596,0.140914,0.140914,0.140914
670.563,0.159974,0.159974,0.159974
672.06,2.70124,2.70124,2.70124
672.148,1.74523,1.74523,1.74523
672.148,1.18224,1.18224,1.18224
672.148,2.22393,2.22393,2.22393
673.072,0.910013,0.910013,0.910013
673.117,0.656293,0.656293,0.656293
673.161,0.436584,0.436584,0.436584
673.161,0.783001,0.783001,0.783001
674.086,0.355133,0.355133,0.355133
674.13,0.324021,0.324021,0.324021
674.174,0.219162,0.219162,0.219162
674.174,0.386486,0.386486,0.386486
675.056,0.129951,0.129951,0.129951
682.132,0.214743,0.214743,0.214743
682.443,0.129406,0.129406,0.129406
682.531,0.275829,0.275829,0.275829
682.576,0.237123,0.237123,0.237123
682.576,0.221243,0.221243,0.221243
683.596,0.140926,0.140926,0.140926
684.484,0.200552,0.200552,0.200552
684.573,0.19203,0.19203,0.19203
684.573,0.186748,0.186748,0.186748
688.041,0.756622,0.756622,0.756622
688.085,0.568896,0.568896,0.568896
688.13,0.480143,0.480143,0.480143
688.174,0.806484,0.806484,0.806484
689.065,0.249132,0.249132,0.249132
689.154,0.206699,0.206699,0.206699
689.154,0.265835,0.265835,0.265835
689.154,0.335732,0.335732,0.335732
690.045,0.187227,0.187227,0.187227
690.134,0.153977,0.153977,0.153977
690.134,0.202792,0.202792,0.202792
690.179,0.237497,0.237497,0.237497
694.062,0.118582,0.118582,0.118582
694.598,0.139884,0.139884,0.139884
696.477,0.112624,0.112624,0.112624
696.522,0.211739,0.211739,0.211739
696.567,0.187947,0.187947,0.187947
696.567,0.176621,0.176621,0.176621
697.463,0.109106,0.109106,0.109106
697.463,0.206132,0.206132,0.206132
697.552,0.194866,0.194866,0.194866
697.552,0.141166,0.141166,0.141166
698.448,0.112799,0.112799,0.112799
698.493,0.233277,0.233277,0.233277
698.583,0.207991,0.207991,0.207991
698.583,0.201461,0.201461,0.201461
700.557,0.108558,0.108558,0.108558
700.646,0.157913,0.157913,0.157913
700.646,0.187084,0.187084,0.187084
703.477,0.108742,0.108742,0.108742
704.017,0.155729,0.155729,0.155729
704.107,0.156972,0.156972,0.156972
704.152,0.245026,0.245026,0.245026
706.584,0.109147,0.109147,0.109147
706.719,0.138079,0.138079,0.138079
708.478,0.140904,0.140904,0.140904
708.568,0.242517,0.242517,0.242517
708.613,0.175098,0.175098,0.175098
708.613,0.170282,0.170282,0.170282
710.555,0.210917,0.210917,0.210917
710.6,0.170605,0.170605,0.170605
710.6,0.175457,0.175457,0.175457
712.59,0.150862,0.150862,0.150862
713.586,0.183527,0.183527,0.183527
714.582,0.202482,0.202482,0.202482
714.627,0.331746,0.331746,0.331746
714.673,0.241596,0.241596,0.241596
714.673,0.312113,0.312113,0.312113
715.579,0.114899,0.114899,0.114899
715.579,0.197646,0.197646,0.197646
715.67,0.141176,0.141176,0.141176
715.67,0.19082,0.19082,0.19082
716.622,0.193884,0.193884,0.193884
716.668,0.151985,0.151985,0.151985
719.438,0.119367,0.119367,0.119367
719.574,0.169276,0.169276,0.169276
720.483,0.110462,0.110462,0.110462
722.486,0.21327,0.21327,0.21327
722.577,0.339416,0.339416,0.339416
722.622,0.231369,0.231369,0.231369
722.622,0.226112,0.226112,0.226112
723.488,0.120281,0.120281,0.120281
723.579,0.202585,0.202585,0.202585
723.625,0.142886,0.142886,0.142886
724.491,0.115321,0.115321,0.115321
724.537,0.239006,0.239006,0.239006
724.582,0.193586,0.193586,0.193586
724.582,0.190228,0.190228,0.190228
726.636,0.150609,0.150609,0.150609
728.6,0.169098,0.169098,0.169098
728.646,0.244901,0.244901,0.244901
728.692,0.226891,0.226891,0.226891
728.692,0.214601,0.214601,0.214601
729.698,0.173655,0.173655,0.173655
730.568,0.147198,0.147198,0.147198
730.613,0.261383,0.261383,0.261383
730.659,0.22859,0.22859,0.22859
730.705,0.269625,0.269625,0.269625
731.667,0.188446,0.188446,0.188446
731.667,0.137873,0.137873,0.137873
732.629,0.111263,0.111263,0.111263
732.721,0.176126,0.176126,0.176126
732.721,0.139558,0.139558,0.139558
736.484,0.125018,0.125018,0.125018
736.576,0.232084,0.232084,0.232084
736.622,0.165395,0.165395,0.165395
736.622,0.181699,0.181699,0.181699
738.508,0.117698,0.117698,0.117698
738.554,0.256193,0.256193,0.256193
738.6,0.203389,0.203389,0.203389
738.6,0.215553,0.215553,0.215553
740.579,0.137788,0.137788,0.137788
740.626,0.209116,0.209116,0.209116
740.672,0.16807,0.16807,0.16807
740.672,0.171663,0.171663,0.171663
742.608,0.13574,0.13574,0.13574
742.654,0.200298,0.200298,0.200298
742.7,0.167585,0.167585,0.167585
742.7,0.179695,0.179695,0.179695
744.593,0.128759,0.128759,0.128759
744.593,0.190905,0.190905,0.190905
744.685,0.203395,0.203395,0.203395
744.685,0.182276,0.182276,0.182276
746.626,0.130435,0.130435,0.130435
746.673,0.189848,0.189848,0.189848
746.719,0.155669,0.155669,0.155669
746.765,0.194684,0.194684,0.194684
750.562,0.191761,0.191761,0.191761
750.609,0.143948,0.143948,0.143948
752.557,0.199058,0.199058,0.199058
752.604,0.164336,0.164336,0.164336
754.601,0.217525,0.217525,0.217525
754.648,0.256517,0.256517,0.256517
754.741,0.204998,0.204998,0.204998
754.741,0.196938,0.196938,0.196938
755.624,0.122784,0.122784,0.122784
756.601,0.12334,0.12334,0.12334
756.694,0.161861,0.161861,0.161861
758.697,0.144718,0.144718,0.144718
766.591,0.124167,0.124167,0.124167
766.638,0.142279,0.142279,0.142279
768.652,0.288206,0.288206,0.288206
768.699,0.285897,0.285897,0.285897
768.746,0.219144,0.219144,0.219144
768.746,0.220373,0.220373,0.220373
769.637,0.157807,0.157807,0.157807
770.623,0.160915,0.160915,0.160915
770.67,0.210686,0.210686,0.210686
770.717,0.175774,0.175774,0.175774
770.717,0.187292,0.187292,0.187292
782.637,0.157135,0.157135,0.157135
782.684,0.190151,0.190151,0.190151
782.731,0.147953,0.147953,0.147953
784.624,0.163033,0.163033,0.163033
784.671,0.203292,0.203292,0.203292
784.718,0.190502,0.190502,0.190502
784.766,0.170388,0.170388,0.170388
796.644,0.134299,0.134299,0.134299
845.292,0.175681,0.175681,0.175681
861.151,0.211623,0.211623,0.211623
861.2,0.343084,0.343084,0.343084
861.25,0.192012,0.192012,0.192012
861.25,0.391001,0.391001,0.391001
862.14,0.133711,0.133711,0.133711
862.19,0.224174,0.224174,0.224174
862.289,0.231416,0.231416,0.231416
877.099,0.223461,0.223461,0.223461
877.149,0.373538,0.373538,0.373538
877.249,0.505478,0.505478,0.505478
877.249,0.199588,0.199588,0.199588
878.097,0.116631,0.116631,0.116631
878.197,0.226575,0.226575,0.226575
878.247,0.270813,0.270813,0.270813
879.246,0.176143,0.176143,0.176143
893.085,0.109423,0.109423,0.109423
893.136,0.20753,0.20753,0.20753
893.236,0.326474,0.326474,0.326474
894.243,0.184185,0.184185,0.184185
1060.75,0.146446,0.146446,0.146446
1074.78,0.125536,0.125536,0.125536
1088.78,0.228302,0.228302,0.228302
1088.95,0.228455,0.228455,0.228455
1088.95,0.167049,0.167049,0.167049
1089.84,0.135391,0.135391,0.135391
